1,Travel,Location,Accomodations,CI/CO,Address,Breakfast Info,Activities,,
Fri 07/28/23,"IAD -> HND Depart 12:15pm EST
Turkish Airlines Lounge",Tokyo,The Blossom Hibiya,Check In: 3pm,"1-1-13, Shimbashi, Minato 105-0004 Tokyo Prefecture",Buffet Breakfast,,,
Sat 07/29/23,"IAD -> HND Arrive 3:20PM JST
- set up esim
- Pick up suica cards: https://www.jreast.co.jp/e/customer_support/service_center_haneda.html#section
-  Keikyu Airport line to Shimbashi 
- Walk to Ginza (very close) and explore
- 【Tokyo New Open】  , Itoya Ginza. ancōra Ginza, MARUZEN Nihombashi",Tokyo,The Blossom Hibiya,,"1-1-13, Shimbashi, Minato 105-0004 Tokyo Prefecture",Buffet Breakfast,"Sumida River Fireworks Festival 2023 (7 PM - 8:30 PM) 
Location: Asakusa, Mukojima area along the Sumida River
Sumidagawa Fireworks Festival 2023 | japanistry.com
花火大会プログラム",Links,https://www.rome2rio.com/map/Tokyo-Haneda-Airport-HND/THE-BLOSSOM-HIBIYA-Tokyo#r/Train
Sun 07/30/23,"8:30am - Arrive at Tsukiji Fish Market
Eat Brunch at Tsukiji (Sushizanmai, Kitsuneya, Yonemoto Coffee, Marutoyo) 
11:20am - Take Bus to TeamLab Planets 
12-12:30pm - TeamLab Planets Check in Window
2pm - Leave TeamLab Planets 
2:15pm - train to Odaiba
2:30pm - Arrive at Odaiba, visit Odaiba mall and Gundam Base
3:00pm - Check in to water cruise
3:10pm - Tokyo water cruise departure to Asakusa
- Senso-ji + asakusa
- Return via train to hotel ",Tokyo,The Blossom Hibiya,,"1-1-13, Shimbashi, Minato 105-0004 Tokyo Prefecture",Buffet Breakfast,,,
Mon 07/31/23,"Explore Shibuya + Harajuku 
Meiji Shrine",Tokyo,The Blossom Hibiya,,"1-1-13, Shimbashi, Minato 105-0004 Tokyo Prefecture",Buffet Breakfast,,,
Tue 08/01/23,"Mt. Fuji Day Trip
8:00am - Departure @ Shinjuku LOVE Object
Please arrive at the location 15 mins before the departure time
Attractions / Experiences
Oishi Park for this tour.
Lunch
Attractions / Experiences
6:30pm - Return @ Tokyo Mode Gakuen",Tokyo,The Blossom Hibiya,,"1-1-13, Shimbashi, Minato 105-0004 Tokyo Prefecture",Buffet Breakfast,,,
Wed 08/02/23,"- walk through Inokashira Park
1:00pm - Ghibli Museum, Mitaka
- Lunch + Exploration in Kichijoji
- Return to hotel 
- [Insert Activity]",Tokyo,The Blossom Hibiya,,"1-1-13, Shimbashi, Minato 105-0004 Tokyo Prefecture",Buffet Breakfast,,,
Thu 08/03/23,- Ihsan Day Alone in Akihabara + Shinjuku + https://murakamipilgrimage.com/,Tokyo,The Blossom Hibiya,,"1-1-13, Shimbashi, Minato 105-0004 Tokyo Prefecture",Buffet Breakfast,,,
Fri 08/04/23,"11am - Check Out
Aoyama Market Tea House
Store Luggage at hotel and walk around Tokyo
Get Back to hotel by 2pm 

4:24pm - Depart on Kagayaki 511 Ordinary Car No. 10 (1a,1b,1c,2e)
6:52pm - Arrive at Kanazawa",Kanazawa,"The Blossom Hibiya

Mitsui Garden Hotel Kanazawa","Check Out: 11am

Check In: 3pm","1-22 Kamitsutsumicho, Kanazawa 920-0869 Ishikawa Prefecture",,,,
Sat 08/05/23,"Shirakawa-Go Day Trip  
9:20am - Gather at JR Kanazawa Station Kanazawa Port Exit (West Exit) group bus boarding area 
9:30am - Departure from JR Kanazawa Station 
10:50 - 11:10am - Roadside Station ""Shirakawa-go"" 
11:15 - 12:00pm - Lunch 
12:00 - 2:10pm - Free walk in Shirakawa-go 
3:40pm - Arrival JR Kanazawa Station Kanazawa Port Exit (West Exit) Group Bus Stop 
5pm - Shopping District",Kanazawa,Mitsui Garden Hotel Kanazawa,,"1-22 Kamitsutsumicho, Kanazawa 920-0869 Ishikawa Prefecture",,,,
Sun 08/06/23,"11am - Check Out
11am - Store Luggage and walk to Kenrouken Garden

5:31pm - Depart on Thunder-Bird 40 Ordinary Car no. 11 (1a,1b,1c,1d)
7:38pm - Arrive at Kyoto",Kyoto,"Mitsui Garden Hotel Kanazawa

Airbnb Kyoto","Check Out: 11am

Check In: 4pm","559-4 Karatohanachō, Higashiyama Ward, Kyoto, Kyoto 605-0069, Japan",,,,
Mon 08/07/23,"Fushimi Inari Taisha (EARLY LIKE 6AM)""

Gion",Kyoto,Airbnb Kyoto,,"559-4 Karatohanachō, Higashiyama Ward, Kyoto, Kyoto 605-0069, Japan",,,,
Tue 08/08/23,"Higashiyama
% Arabica
Yasaka Shrine
Kiyomizu Dera
Train to Nara Aoniyoshi @ 2:40pm 
Temple
Nara Park
kakimase udon or  Maguro Koya
Train Back from Nara, JR NARA LINE 
""Philosophers path 
Kinkaku Ji
https://www.reddit.com/r/JapanTravel/comments/8l7p5j/things_to_do_in_nara_besides_visiting_temples/",Kyoto,Airbnb Kyoto,,"559-4 Karatohanachō, Higashiyama Ward, Kyoto, Kyoto 605-0069, Japan",,,,
Wed 08/09/23,"11:30am - Shoraian Reservation 

Kyoto Imperial Palace in the evening
- Ippodo Tea Kyoto Main Store
- Manga Museum 
- Honke Owariya 3pm 
- Sunset at the Kamo Bridge ",Kyoto,Airbnb Kyoto,,"559-4 Karatohanachō, Higashiyama Ward, Kyoto, Kyoto 605-0069, Japan",,,,
Thu 08/10/23,"Heian Jingu

11am - Check Out

1:11pm - Depart on Thunder-Bird 18 Ordinary Car no. 2 (1a,1b,1c,1d)
1:27pm - Arrive at Osaka",Osaka,"Airbnb Kyoto

Airbnb Osaka","Check Out: 11am

Check In: 4pm","1Chome-東6-24, Dōtonbori, Chūō-ku, レジデンス難波東 304号室, Ōsaka-shi, Ōsaka-fu 542-0071, Japan",,,,
Fri 08/11/23,- Dotonbori ,Osaka,Airbnb Osaka,,"1Chome-東6-24, Dōtonbori, Chūō-ku, レジデンス難波東 304号室, Ōsaka-shi, Ōsaka-fu 542-0071, Japan",,,,
Sat 08/12/23,"11am - Check Out

12:43pm - Depart on Haruka 22 Ordinary Car no. 2 (12a,12b,12c,12d)
12:45pm - Arrive at Shin-Osaka
12:52pm - Depart on Hikari 652 Ordinary Car no. 15 Seat with oversized baggage area (1a,1b,1d,1e)
4:12pm - Arrive at Tokyo",Tokyo,"Airbnb Osaka

The Knot Tokyo Shinjuku","Check Out: 11am

Check In: 3pm","4 Chome-31-1 Nishishinjuku, Shinjuku City, Tokyo 160-0023, Japan",,,,
Sun 08/13/23,"Note: JR Pass runs out use suica
Explore Shinjuku 
- Kingdom Note Shinjuku",Tokyo,The Knot Tokyo Shinjuku,,"4 Chome-31-1 Nishishinjuku, Shinjuku City, Tokyo 160-0023, Japan",,,,
Mon 08/14/23,"Check Out: 10am

HND -> IAD Depart 10:55am JST 
HND -> IAD Return 10:35am EST",DC,"The Knot Tokyo Shinjuku

Home",Check Out: 10am,11688 Crest Maple Drive,,,,
,"Color code: Tokyo Kyoto Osaka Kanazawa
Undecided places: Arashiyama (Light green highlight). ",,,,,,,,
Clothes Shopping,Souvenier/trinket shopping,Skin care/makeup ,Cafes/dessert,Food,Places,Spa/relaxation,Events,,
mode off,"rilakkuma tea house
15 Sagatenryuji Kitatsukurimichicho, Ukyo Ward, Kyoto, 616-8374, Japan","@cosme (skincare)
1 Chome-14-27 Jingumae, Shibuya City, Tokyo 150-0001, Japan
","Miffy bakery
 Sagatenryuji Tsukurimichicho, Ukyo Ward, Kyoto, 616-8384, Japan ","honke owariya 
(oldest restaurant in kyoto
 known for soba)
Japan, 〒604-0841 Kyoto, Nakagyo Ward, Niomontsukinukecho, 322","Arashiyama (near kyoto)
Miffy, River, Monkey park, Tea house","Thermae Yu
 (inaya and mommy)",FIreworks summer festival : Sumidagawa Fireworks Festival,,
"2nd street
4 Chome-26-4 Jingumae, Shibuya City, Tokyo 150-0001, Japan","shiro hige cream puff factory 
(1st floor is the sourvenier and cream puffs)
5 Chome-3-1 Daita, Setagaya City, Tokyo 155-0033, Japan",,"rilakkuma tea house
15 Sagatenryuji Kitatsukurimichicho, Ukyo Ward, Kyoto, 616-8374, Japan","Kuromon market
2 Chome Nipponbashi, Chuo Ward, Osaka, 542-0073, Japan",Monkey park ,,"Yukata renta 
10 Places in Kyoto to Dress Up in Traditional Kimono | tsunagu Japan

https://en.kyotorentalkimono.com/

https://www.klook.com/en-US/activity/77688-kimono-rental-and-photoshoot-by-ouka-kimono-kyoto/

https://www.okamoto-kimono-en.com/kimono/setPlan.html
",,
tresure factory style,radio kaikan,,"shiro hige cream puff factory 
(2nd floor is the cafe)","Tavelt Grocery store and the end
 of nishiki market ",shimokitazawa (for thrifting),,,,
"sunshine city
 3 Chome-1 Higashiikebukuro, Toshima City, Tokyo 170-8630, Japan
",sunshine city mall,,starbucks reserve,,Nara (1 hour from kyoto airbnb) ,,,,
"Shibuya 109
2 Chome-29-1 Dogenzaka, Shibuya City, Tokyo 150-0043, Japan","animate ikebukuro (biggest aime store)
1 Chome-20-7 Higashiikebukuro, Toshima City, Tokyo 170-0013, Japan",,"korio bake shinjuku
1-chome-28-2 Kabukicho Shinjuku City Tokyo

東京都 新宿区 歌舞伎町 1-28-2 第二鈴鹿ビル 1F",,Kiyomizo dera temple,,,,
7 story uniqlo,"donguri kyowakoku osaka
Japan, 〒542-0074 Osaka, Chuo Ward, Sennichimae, 1 Chome−9, なんばウォーク 5-4
",,"Nakatanidou in nara 
 29 Hashimotocho, Nara, 630-8217, Japan",,"Okochi Sanso Garden (nice sights.
 not crowded, alt for bamboo forest, 
complementary match at the end, 
$10 addmision fee)",,,,
Bookoff plus,"Shibuya Loft
21-1 Udagawacho, Shibuya City, Tokyo 150-0042, Japan",,"Kichijoji Petit Mura 
(tea house, cat cafe, just cute area with a few shops
 not meant to be there for a long time maybe an hour 
to take pics and gets snacks or maybe get cat cafe 
reservation cat cafe is next to the tea house so some
 can go in and the people who dont want to can go to
 the tea house also right next toghibli museum
2 Chome-33-2 Kichijoji Honcho, Musashino, Tokyo 180-0004, Japan",,uji (match city),,,,
,"Donquijote discount store (snacks, souviners, skincare) ",,"Aoyama Flower Market Teahouse
Japan, 〒107-0062 Tokyo, Minato City, Minamiaoyama, 5 Chome−4−41 グラッセリア青山 １階",,nakamise dori (inside asakusa),,,,
,711,,"ogawa coffee laboratory 
Japan, 〒154-0014 Tokyo, Setagaya City, Shinmachi, 3 Chome−23−8 桜新町 １階 2F エスカリエ",,"Harajuku 
(Takeshita Street, kiddy land, vintage shopping)",,,,
,Akihabara (anime and mange related stuff),,"atelier matcha tokyo
1 Chome-5-8 Nihonbashiningyocho, Chuo City, Tokyo 103-0013, Japan",,,,,,
,,,"Rikuro’s Namba Main Branch
(Japanese soufle cheesecake)",,,,,,